Workbook
Name Slicer_Father_Blood_Group: #N/A
Name Slicer_Father_Eye_Color: #N/A
Name Slicer_Father_Hair_Color: #N/A
Name Slicer_Mother_Blood_Group: #N/A
Name Slicer_Mother_Eye_Color: #N/A
Name Slicer_Mother_Hair_Color: #N/A

Sheet parental_genetics_child_traits
A1: Family_ID | B1: Father_Age | C1: Mother_Age | D1: Father_Height_cm | E1: Mother_Height_cm | F1: Father_Blood_Group | G1: Mother_Blood_Group | H1: Father_Eye_Color | I1: Mother_Eye_Color | J1: Father_Hair_Color | K1: Mother_Hair_Color | L1: Father_Skin_Tone | M1: Mother_Skin_Tone | N1: Family_Disease_History | O1: Child_Gender | P1: Predicted_Child_Height_cm | Q1: Predicted_Child_Blood_Group | R1: Predicted_Health_Risk
A2: FAM00001 | B2: 48 | C2: 40 | D2: 163.9 | E2: 168.6 | F2: O+ | G2: B+ | H2: Green | I2: Brown | J2: Black | K2: Brown | L2: Olive | M2: Light | N2: Multiple | O2: Female | P2: 161.9 | Q2: B+ | R2: High
A3: FAM00002 | B3: 34 | C3: 24 | D3: 185.5 | E3: 152.2 | F3: A+ | G3: A+ | H3: Brown | I3: Blue | J3: Black | K3: Brown | L3: Olive | M3: Medium | N3: Hypertension | O3: Female | P3: 164 | Q3: A+ | R3: Moderate
A4: FAM00003 | B4: 27 | C4: 36 | D4: 178.8 | E4: 158 | F4: A+ | G4: A+ | H4: Blue | I4: Blue | J4: Brown | K4: Black | L4: Fair | M4: Olive | N4: Multiple | O4: Female | P4: 162.2 | Q4: A+ | R4: High
A5: FAM00004 | B5: 40 | C5: 26 | D5: 161 | E5: 157.8 | F5: O+ | G5: AB- | H5: Brown | I5: Brown | J5: Black | K5: Black | L5: Dark | M5: Dark | N5: Diabetes | O5: Male | P5: 161.7 | Q5: A- | R5: Moderate
A6: FAM00005 | B6: 38 | C6: 35 | D6: 175.7 | E6: 160.7 | F6: A- | G6: O+ | H6: Hazel | I6: Brown | J6: Brown | K6: Black | L6: Medium | M6: Fair | N6: Asthma | O6: Male | P6: 171.7 | Q6: A+ | R6: Moderate
A7: FAM00006 | B7: 42 | C7: 42 | D7: 176.3 | E7: 161.5 | F7: O+ | G7: O+ | H7: Hazel | I7: Green | J7: Red | K7: Blonde | L7: Dark | M7: Medium | N7: Multiple | O7: Male | P7: 181.2 | Q7: O+ | R7: High
A8: FAM00007 | B8: 30 | C8: 31 | D8: 168.6 | E8: 163.6 | F8: B- | G8: A+ | H8: Green | I8: Hazel | J8: Brown | K8: Red | L8: Light | M8: Medium | N8: None | O8: Female | P8: 161.2 | Q8: AB- | R8: Low
A9: FAM00008 | B9: 30 | C9: 42 | D9: 174.7 | E9: 149.6 | F9: O- | G9: O+ | H9: Green | I9: Brown | J9: Blonde | K9: Black | L9: Light | M9: Light | N9: Asthma | O9: Female | P9: 155.5 | Q9: O+ | R9: Moderate
A10: FAM00009 | B10: 43 | C10: 36 | D10: 167.9 | E10: 162 | F10: O+ | G10: B+ | H10: Hazel | I10: Hazel | J10: Brown | K10: Brown | L10: Fair | M10: Fair | N10: Diabetes | O10: Male | P10: 172.9 | Q10: B- | R10: High
A11: FAM00010 | B11: 55 | C11: 32 | D11: 164.2 | E11: 162.5 | F11: A+ | G11: B+ | H11: Brown | I11: Green | J11: Blonde | K11: Black | L11: Olive | M11: Fair | N11: Diabetes | O11: Male | P11: 170.6 | Q11: AB- | R11: High
A12: FAM00011 | B12: 43 | C12: 33 | D12: 169.7 | E12: 161.5 | F12: O+ | G12: B+ | H12: Brown | I12: Blue | J12: Brown | K12: Blonde | L12: Fair | M12: Fair | N12: Asthma | O12: Male | P12: 168.4 | Q12: B+ | R12: Moderate
A13: FAM00012 | B13: 22 | C13: 44 | D13: 175.2 | E13: 159.9 | F13: A+ | G13: O+ | H13: Blue | I13: Blue | J13: Blonde | K13: Black | L13: Light | M13: Medium | N13: Hypertension | O13: Male | P13: 163.6 | Q13: A+ | R13: Moderate
... A7001: FAM07000 | B7001: 26 | C7001: 40 | D7001: 174.9 | E7001: 168.4 | F7001: A+ | G7001: B+ | H7001: Green | I7001: Brown | J7001: Brown | K7001: Black | L7001: Olive | M7001: Light | N7001: Hypertension | O7001: Male | P7001: 177 | Q7001: AB+ | R7001: Moderate

Sheet Worksheet
A1: Family_ID | B1: Father_Age | C1: Father_Age Bracket | D1: Mother_Age | E1: Mother_Age Bracket | F1: Father_Height_cm | G1: Mother_Height_cm | H1: Father_Blood_Group | I1: Mother_Blood_Group | J1: Father_Eye_Color | K1: Mother_Eye_Color | L1: Father_Hair_Color | M1: Mother_Hair_Color | N1: Father_Skin_Tone | O1: Mother_Skin_Tone | P1: Family_Disease_History | Q1: Child_Gender | R1: Predicted_Child_Height_cm | S1: Predicted_Child_Blood_Group | T1: Predicted_Health_Risk
A2: FAM00002 | B2: 34 | C2: =IF(Family_Data3[[#This Row],[Father_Age]]>45, "Old", IF(Family_Data3[[#This Row],[Father_Age]]>=31, "Middle Age", "Young")) -> Middle Age | D2: 24 | E2: =IF(Family_Data3[[#This Row],[Mother_Age]]>45, "Old", IF(Family_Data3[[#This Row],[Mother_Age]]>=31, "Middle Age", "Young")) -> Young | F2: 185.5 | G2: 152.2 | H2: A+ | I2: A+ | J2: Brown | K2: Blue | L2: Black | M2: Brown | N2: Olive | O2: Medium | P2: Hypertension | Q2: Female | R2: 164 | S2: A+ | T2: Moderate
A3: FAM00004 | B3: 40 | C3: =IF(Family_Data3[[#This Row],[Father_Age]]>45, "Old", IF(Family_Data3[[#This Row],[Father_Age]]>=31, "Middle Age", "Young")) -> Middle Age | D3: 26 | E3: =IF(Family_Data3[[#This Row],[Mother_Age]]>45, "Old", IF(Family_Data3[[#This Row],[Mother_Age]]>=31, "Middle Age", "Young")) -> Young | F3: 161 | G3: 157.8 | H3: O+ | I3: AB- | J3: Brown | K3: Brown | L3: Black | M3: Black | N3: Dark | O3: Dark | P3: Diabetes | Q3: Male | R3: 161.7 | S3: A- | T3: Moderate
A4: FAM00005 | B4: 38 | C4: =IF(Family_Data3[[#This Row],[Father_Age]]>45, "Old", IF(Family_Data3[[#This Row],[Father_Age]]>=31, "Middle Age", "Young")) -> Middle Age | D4: 35 | E4: =IF(Family_Data3[[#This Row],[Mother_Age]]>45, "Old", IF(Family_Data3[[#This Row],[Mother_Age]]>=31, "Middle Age", "Young")) -> Middle Age | F4: 175.7 | G4: 160.7 | H4: A- | I4: O+ | J4: Hazel | K4: Brown | L4: Brown | M4: Black | N4: Medium | O4: Fair | P4: Asthma | Q4: Male | R4: 171.7 | S4: A+ | T4: Moderate
A5: FAM00006 | B5: 42 | C5: =IF(Family_Data3[[#This Row],[Father_Age]]>45, "Old", IF(Family_Data3[[#This Row],[Father_Age]]>=31, "Middle Age", "Young")) -> Middle Age | D5: 42 | E5: =IF(Family_Data3[[#This Row],[Mother_Age]]>45, "Old", IF(Family_Data3[[#This Row],[Mother_Age]]>=31, "Middle Age", "Young")) -> Middle Age | F5: 176.3 | G5: 161.5 | H5: O+ | I5: O+ | J5: Hazel | K5: Green | L5: Red | M5: Blonde | N5: Dark | O5: Medium | P5: Multiple | Q5: Male | R5: 181.2 | S5: O+ | T5: High
A6: FAM00009 | B6: 43 | C6: =IF(Family_Data3[[#This Row],[Father_Age]]>45, "Old", IF(Family_Data3[[#This Row],[Father_Age]]>=31, "Middle Age", "Young")) -> Middle Age | D6: 36 | E6: =IF(Family_Data3[[#This Row],[Mother_Age]]>45, "Old", IF(Family_Data3[[#This Row],[Mother_Age]]>=31, "Middle Age", "Young")) -> Middle Age | F6: 167.9 | G6: 162 | H6: O+ | I6: B+ | J6: Hazel | K6: Hazel | L6: Brown | M6: Brown | N6: Fair | O6: Fair | P6: Diabetes | Q6: Male | R6: 172.9 | S6: B- | T6: High
A7: FAM00011 | B7: 43 | C7: =IF(Family_Data3[[#This Row],[Father_Age]]>45, "Old", IF(Family_Data3[[#This Row],[Father_Age]]>=31, "Middle Age", "Young")) -> Middle Age | D7: 33 | E7: =IF(Family_Data3[[#This Row],[Mother_Age]]>45, "Old", IF(Family_Data3[[#This Row],[Mother_Age]]>=31, "Middle Age", "Young")) -> Middle Age | F7: 169.7 | G7: 161.5 | H7: O+ | I7: B+ | J7: Brown | K7: Blue | L7: Brown | M7: Blonde | N7: Fair | O7: Fair | P7: Asthma | Q7: Male | R7: 168.4 | S7: B+ | T7: Moderate
A8: FAM00013 | B8: 41 | C8: =IF(Family_Data3[[#This Row],[Father_Age]]>45, "Old", IF(Family_Data3[[#This Row],[Father_Age]]>=31, "Middle Age", "Young")) -> Middle Age | D8: 27 | E8: =IF(Family_Data3[[#This Row],[Mother_Age]]>45, "Old", IF(Family_Data3[[#This Row],[Mother_Age]]>=31, "Middle Age", "Young")) -> Young | F8: 180.5 | G8: 145 | H8: AB+ | I8: AB+ | J8: Brown | K8: Green | L8: Black | M8: Brown | N8: Fair | O8: Medium | P8: Diabetes | Q8: Male | R8: 169 | S8: AB- | T8: Moderate
A9: FAM00015 | B9: 43 | C9: =IF(Family_Data3[[#This Row],[Father_Age]]>45, "Old", IF(Family_Data3[[#This Row],[Father_Age]]>=31, "Middle Age", "Young")) -> Middle Age | D9: 36 | E9: =IF(Family_Data3[[#This Row],[Mother_Age]]>45, "Old", IF(Family_Data3[[#This Row],[Mother_Age]]>=31, "Middle Age", "Young")) -> Middle Age | F9: 180.6 | G9: 155.2 | H9: AB+ | I9: O+ | J9: Brown | K9: Hazel | L9: Red | M9: Brown | N9: Olive | O9: Dark | P9: Diabetes | Q9: Male | R9: 181.1 | S9: B+ | T9: High
A10: FAM00018 | B10: 40 | C10: =IF(Family_Data3[[#This Row],[Father_Age]]>45, "Old", IF(Family_Data3[[#This Row],[Father_Age]]>=31, "Middle Age", "Young")) -> Middle Age | D10: 31 | E10: =IF(Family_Data3[[#This Row],[Mother_Age]]>45, "Old", IF(Family_Data3[[#This Row],[Mother_Age]]>=31, "Middle Age", "Young")) -> Middle Age | F10: 178.5 | G10: 150.9 | H10: O+ | I10: B+ | J10: Brown | K10: Brown | L10: Brown | M10: Blonde | N10: Light | O10: Medium | P10: Heart Disease | Q10: Male | R10: 168.9 | S10: B- | T10: Moderate
A11: FAM00020 | B11: 31 | C11: =IF(Family_Data3[[#This Row],[Father_Age]]>45, "Old", IF(Family_Data3[[#This Row],[Father_Age]]>=31, "Middle Age", "Young")) -> Middle Age | D11: 27 | E11: =IF(Family_Data3[[#This Row],[Mother_Age]]>45, "Old", IF(Family_Data3[[#This Row],[Mother_Age]]>=31, "Middle Age", "Young")) -> Young | F11: 186.2 | G11: 153.6 | H11: B+ | I11: A- | J11: Brown | K11: Hazel | L11: Black | M11: Brown | N11: Olive | O11: Light | P11: Diabetes | Q11: Female | R11: 171.2 | S11: AB- | T11: Moderate
A12: FAM00021 | B12: 41 | C12: =IF(Family_Data3[[#This Row],[Father_Age]]>45, "Old", IF(Family_Data3[[#This Row],[Father_Age]]>=31, "Middle Age", "Young")) -> Middle Age | D12: 36 | E12: =IF(Family_Data3[[#This Row],[Mother_Age]]>45, "Old", IF(Family_Data3[[#This Row],[Mother_Age]]>=31, "Middle Age", "Young")) -> Middle Age | F12: 176.9 | G12: 160.7 | H12: O+ | I12: O+ | J12: Brown | K12: Brown | L12: Blonde | M12: Blonde | N12: Olive | O12: Medium | P12: Asthma | Q12: Female | R12: 155.3 | S12: O+ | T12: Moderate
A13: FAM00022 | B13: 44 | C13: =IF(Family_Data3[[#This Row],[Father_Age]]>45, "Old", IF(Family_Data3[[#This Row],[Father_Age]]>=31, "Middle Age", "Young")) -> Middle Age | D13: 47 | E13: =IF(Family_Data3[[#This Row],[Mother_Age]]>45, "Old", IF(Family_Data3[[#This Row],[Mother_Age]]>=31, "Middle Age", "Young")) -> Old | F13: 165.4 | G13: 160.2 | H13: AB- | I13: O+ | J13: Hazel | K13: Hazel | L13: Black | M13: Black | N13: Olive | O13: Dark | P13: None | Q13: Female | R13: 156.6 | S13: A+ | T13: Moderate
... A7001: FAM07000 | B7001: 26 | C7001: =IF(Family_Data3[[#This Row],[Father_Age]]>45, "Old", IF(Family_Data3[[#This Row],[Father_Age]]>=31, "Middle Age", "Young")) -> Young | D7001: 40 | E7001: =IF(Family_Data3[[#This Row],[Mother_Age]]>45, "Old", IF(Family_Data3[[#This Row],[Mother_Age]]>=31, "Middle Age", "Young")) -> Middle Age | F7001: 174.9 | G7001: 168.4 | H7001: A+ | I7001: B+ | J7001: Green | K7001: Brown | L7001: Brown | M7001: Black | N7001: Olive | O7001: Light | P7001: Hypertension | Q7001: Male | R7001: 177 | S7001: AB+ | T7001: Moderate

Sheet Pivot Table
A1: Average of Predicted_Child_Height_cm | B1: Column Labels
A2: Row Labels | B2: Female | C2: Male | D2: Grand Total
A3: Middle Age | B3: 162.10625 | C3: 173.80959 | D3: 167.6902
A4: Old | B4: 161.70256 | C4: 173.89149 | D4: 168.36395
A5: Young | B5: 162.222 | C5: 174.50714 | D5: 167.83043
A6: Grand Total | B6: 162.04734 | C6: 174.0142 | D6: 167.90423
A19: Average of Predicted_Child_Height_cm | B19: Column Labels
A20: Row Labels | B20: Female | C20: Male | D20: Grand Total
A21: Middle Age | B21: 162.3473 | C21: 173.93165 | D21: 168.32876
A22: Young | B22: 161.74722 | C22: 173.72295 | D22: 167.23985
A23: Old | B23: 162.02174 | C23: 175.11818 | D23: 168.42444
A24: Grand Total | B24: 162.04734 | C24: 174.0142 | D24: 167.90423
A38: Average of Predicted_Child_Height_cm | B38: Age Groups
A39: Age Groups | B39: Middle Age | C39: Old | D39: Young | E39: Grand Total
A40: Middle Age | B40: 168.92571 | C40: 168.59524 | D40: 167.03659 | E40: 168.32876
A41: Old | B41: 168.7 | C41: 166.8 | D41: 169.64444 | E41: 168.42444
A42: Young | B42: 165.76379 | C42: 168.59091 | D42: 168.21667 | E42: 167.23985
A43: Grand Total | B43: 167.6902 | C43: 168.36395 | D43: 167.83043 | E43: 167.90423
A46: No of Families | B46: Risk Level
A47: Disease Type | B47: High | C47: Low | D47: Moderate | E47: Grand Total
A48: Asthma | B48: 5 | C48: 6 | D48: 21 | E48: 32
A49: Diabetes | B49: 12 | C49: 3 | D49: 50 | E49: 65
A50: Heart Disease | B50: 19 | D50: 22 | E50: 41
A51: Hypertension | B51: 15 | C51: 5 | D51: 33 | E51: 53
A52: Multiple | B52: 13 | D52: 1 | E52: 14
A53: None | B53: 2 | C53: 59 | D53: 65 | E53: 126
A54: Grand Total | B54: 66 | C54: 73 | D54: 192 | E54: 331
A63: Count of Predicted_Child_Blood_Group | B63: Blood Type
A64: Blood Type | B64: A- | C64: A+ | D64: AB- | E64: AB+ | F64: B- | G64: B+ | H64: O- | I64: O+ | J64: Grand Total
A65: A- | B65: 3 | C65: 5 | E65: 1 | F65: 1 | G65: 8 | H65: 1 | I65: 4 | J65: 23
A66: A+ | B66: 5 | C66: 31 | D66: 2 | E66: 7 | F66: 5 | G66: 31 | H66: 2 | I66: 33 | J66: 116
A67: AB- | C67: 1 | G67: 1 | J67: 2
A68: AB+ | B68: 2 | C68: 6 | G68: 3 | H68: 1 | I68: 4 | J68: 16
A69: B- | C69: 6 | D69: 1 | E69: 5 | F69: 1 | G69: 4 | H69: 2 | I69: 3 | J69: 22
A70: B+ | B70: 3 | C70: 24 | D70: 1 | E70: 3 | F70: 3 | G70: 20 | H70: 1 | I70: 19 | J70: 74
A71: O- | B71: 2 | C71: 1 | G71: 5 | I71: 2 | J71: 10
A72: O+ | B72: 4 | C72: 17 | D72: 2 | E72: 3 | F72: 6 | G72: 19 | H72: 1 | I72: 16 | J72: 68
A73: Grand Total | B73: 19 | C73: 91 | D73: 6 | E73: 19 | F73: 16 | G73: 91 | H73: 8 | I73: 81 | J73: 331

Sheet Dashboard
A1: Genetics and Family Demographics Analysis

Sheet Summary statistics
A1: Parental Genetics
A3: Metric | B3: Father Age | C3: Mother Age | D3: Child Height(cm)
A4: Count | B4: =COUNT(Family_Data[Father_Age]) -> 7000 | C4: =COUNT(Family_Data[Mother_Age]) -> 7000 | D4: =COUNT(Family_Data[Father_Height_cm]) -> 7000
A5: Mean | B5: =AVERAGE(parental_genetics_child_traits!B6977:B7001) -> 37.04 | C5: =AVERAGE(parental_genetics_child_traits!C6977:C7001) -> 32.68 | D5: =AVERAGE(parental_genetics_child_traits!D6977:D7001) -> 174.948
A6: Median | B6: =MEDIAN(parental_genetics_child_traits!B6977:B7001) -> 38 | C6: =MEDIAN(parental_genetics_child_traits!C6977:C7001) -> 31 | D6: =MEDIAN(parental_genetics_child_traits!D6977:D7001) -> 173.6
A7: Std Dev | B7: =_xlfn.STDEV.P(parental_genetics_child_traits!B6977:B7001) -> 10.963503 | C7: =_xlfn.STDEV.P(parental_genetics_child_traits!C6977:C7001) -> 8.5963713 | D7: =_xlfn.STDEV.P(parental_genetics_child_traits!D6977:D7001) -> 6.8855861
A8: Min | B8: =MIN(parental_genetics_child_traits!B6977:B7001) -> 22 | C8: =MIN(parental_genetics_child_traits!C6977:C7001) -> 19 | D8: =MIN(parental_genetics_child_traits!D6977:D7001) -> 160.9
A9: Max | B9: =MAX(parental_genetics_child_traits!B6977:B7001) -> 53 | C9: =MAX(parental_genetics_child_traits!C6977:C7001) -> 48 | D9: =MAX(parental_genetics_child_traits!D6977:D7001) -> 191.6
